[{"pk": "Xin Nie", "model": "lookup.scientist", "fields": {}}, {"pk": "Minh Thiet Vu", "model": "lookup.scientist", "fields": {}}, {"pk": "Danhua Jiang", "model": "lookup.scientist", "fields": {}}, {"pk": 15351, "model": "lookup.annotation", "fields": {"tissue_type": "", "genotype": "HTB2-HA", "descr": "HTB2-HA SAM Input", "antibody": "Input", "exptype": "ChIP-Seq", "comments": "(no comment)", "scientist": "Danhua Jiang", "celltype": "", "organism": "Arabidopsis thaliana", "preparation_type": "none"}}, {"pk": 15352, "model": "lookup.annotation", "fields": {"tissue_type": "", "genotype": "HTB3-HA", "descr": "HTB3-HA SAM Input", "antibody": "Input", "exptype": "ChIP-Seq", "comments": "(no comment)", "scientist": "Danhua Jiang", "celltype": "", "organism": "Arabidopsis thaliana", "preparation_type": "none"}}, {"pk": 15353, "model": "lookup.annotation", "fields": {"tissue_type": "", "genotype": "HTB2-HA", "descr": "HTB2-HA leaf Input", "antibody": "Input", "exptype": "ChIP-Seq", "comments": "(no comment)", "scientist": "Danhua Jiang", "celltype": "", "organism": "Arabidopsis thaliana", "preparation_type": "none"}}, {"pk": 15354, "model": "lookup.annotation", "fields": {"tissue_type": "", "genotype": "HTB3-HA", "descr": "HTB3-HA leaf Input", "antibody": "Input", "exptype": "ChIP-Seq", "comments": "(no comment)", "scientist": "Danhua Jiang", "celltype": "", "organism": "Arabidopsis thaliana", "preparation_type": "none"}}, {"pk": 15355, "model": "lookup.annotation", "fields": {"tissue_type": "", "genotype": "HTB2-HA", "descr": "HTB2-HA SAM H3", "antibody": "H3", "exptype": "ChIP-Seq", "comments": "(no comment)", "scientist": "Danhua Jiang", "celltype": "", "organism": "Arabidopsis thaliana", "preparation_type": "none"}}, {"pk": 15356, "model": "lookup.annotation", "fields": {"tissue_type": "", "genotype": "HTB3-HA", "descr": "HTB3-HA SAM H3", "antibody": "H3", "exptype": "ChIP-Seq", "comments": "(no comment)", "scientist": "Danhua Jiang", "celltype": "", "organism": "Arabidopsis thaliana", "preparation_type": "none"}}, {"pk": 15357, "model": "lookup.annotation", "fields": {"tissue_type": "", "genotype": "HTB2-HA", "descr": "HTB2-HA leaf H3", "antibody": "H3", "exptype": "ChIP-Seq", "comments": "(no comment)", "scientist": "Danhua Jiang", "celltype": "", "organism": "Arabidopsis thaliana", "preparation_type": "none"}}, {"pk": 15358, "model": "lookup.annotation", "fields": {"tissue_type": "", "genotype": "HTB3-HA", "descr": "HTB3-HA leaf H3", "antibody": "H3", "exptype": "ChIP-Seq", "comments": "(no comment)", "scientist": "Danhua Jiang", "celltype": "", "organism": "Arabidopsis thaliana", "preparation_type": "none"}}, {"pk": 15359, "model": "lookup.annotation", "fields": {"tissue_type": "", "genotype": "HTB2-HA", "descr": "HTB2-HA SAM HA", "antibody": "HA", "exptype": "ChIP-Seq", "comments": "(no comment)", "scientist": "Danhua Jiang", "celltype": "", "organism": "Arabidopsis thaliana", "preparation_type": "none"}}, {"pk": 15360, "model": "lookup.annotation", "fields": {"tissue_type": "", "genotype": "HTB3-HA", "descr": "HTB3-HA SAM HA", "antibody": "HA", "exptype": "ChIP-Seq", "comments": "(no comment)", "scientist": "Danhua Jiang", "celltype": "", "organism": "Arabidopsis thaliana", "preparation_type": "none"}}, {"pk": 15361, "model": "lookup.annotation", "fields": {"tissue_type": "", "genotype": "HTB2-HA", "descr": "HTB2-HA leaf HA", "antibody": "HA", "exptype": "ChIP-Seq", "comments": "(no comment)", "scientist": "Danhua Jiang", "celltype": "", "organism": "Arabidopsis thaliana", "preparation_type": "none"}}, {"pk": 15362, "model": "lookup.annotation", "fields": {"tissue_type": "", "genotype": "HTB3-HA", "descr": "HTB3-HA leaf HA", "antibody": "HA", "exptype": "ChIP-Seq", "comments": "(no comment)", "scientist": "Danhua Jiang", "celltype": "", "organism": "Arabidopsis thaliana", "preparation_type": "none"}}, {"pk": 16336, "model": "lookup.annotation", "fields": {"tissue_type": "", "genotype": "wildtype", "descr": "TH2_AR006", "antibody": "", "exptype": "RNA-Seq", "comments": "(no comment)", "scientist": "Minh Thiet Vu", "celltype": "", "organism": "Arabidopsis thaliana", "preparation_type": "none"}}, {"pk": 16337, "model": "lookup.annotation", "fields": {"tissue_type": "", "genotype": "wildtype", "descr": "TH3_AR012", "antibody": "", "exptype": "RNA-Seq", "comments": "(no comment)", "scientist": "Minh Thiet Vu", "celltype": "", "organism": "Arabidopsis thaliana", "preparation_type": "none"}}, {"pk": 16338, "model": "lookup.annotation", "fields": {"tissue_type": "", "genotype": "wildtype", "descr": "TH4_AR019", "antibody": "", "exptype": "RNA-Seq", "comments": "(no comment)", "scientist": "Minh Thiet Vu", "celltype": "", "organism": "Arabidopsis thaliana", "preparation_type": "none"}}, {"pk": 16339, "model": "lookup.annotation", "fields": {"tissue_type": "", "genotype": "wildtype", "descr": "TH5_AR002", "antibody": "", "exptype": "RNA-Seq", "comments": "(no comment)", "scientist": "Minh Thiet Vu", "celltype": "", "organism": "Arabidopsis thaliana", "preparation_type": "none"}}, {"pk": 16340, "model": "lookup.annotation", "fields": {"tissue_type": "", "genotype": "wildtype", "descr": "TH6_AR004", "antibody": "", "exptype": "RNA-Seq", "comments": "(no comment)", "scientist": "Minh Thiet Vu", "celltype": "", "organism": "Arabidopsis thaliana", "preparation_type": "none"}}, {"pk": 16341, "model": "lookup.annotation", "fields": {"tissue_type": "", "genotype": "wildtype", "descr": "TH7_AR007", "antibody": "", "exptype": "RNA-Seq", "comments": "(no comment)", "scientist": "Minh Thiet Vu", "celltype": "", "organism": "Arabidopsis thaliana", "preparation_type": "none"}}, {"pk": 16342, "model": "lookup.annotation", "fields": {"tissue_type": "", "genotype": "wildtype", "descr": "TH8_AR016", "antibody": "", "exptype": "RNA-Seq", "comments": "(no comment)", "scientist": "Minh Thiet Vu", "celltype": "", "organism": "Arabidopsis thaliana", "preparation_type": "none"}}, {"pk": 16343, "model": "lookup.annotation", "fields": {"tissue_type": "", "genotype": "wildtype", "descr": "LJ71_AR005", "antibody": "", "exptype": "RNA-Seq", "comments": "(no comment)", "scientist": "Minh Thiet Vu", "celltype": "", "organism": "Arabidopsis thaliana", "preparation_type": "none"}}, {"pk": 16344, "model": "lookup.annotation", "fields": {"tissue_type": "", "genotype": "wildtype", "descr": "LJ72_AR006", "antibody": "", "exptype": "RNA-Seq", "comments": "(no comment)", "scientist": "Minh Thiet Vu", "celltype": "", "organism": "Arabidopsis thaliana", "preparation_type": "none"}}, {"pk": 16345, "model": "lookup.annotation", "fields": {"tissue_type": "", "genotype": "wildtype", "descr": "LJ73_AR012", "antibody": "", "exptype": "RNA-Seq", "comments": "(no comment)", "scientist": "Minh Thiet Vu", "celltype": "", "organism": "Arabidopsis thaliana", "preparation_type": "none"}}, {"pk": 16346, "model": "lookup.annotation", "fields": {"tissue_type": "", "genotype": "wildtype", "descr": "LJ74_AR019", "antibody": "", "exptype": "RNA-Seq", "comments": "(no comment)", "scientist": "Minh Thiet Vu", "celltype": "", "organism": "Arabidopsis thaliana", "preparation_type": "none"}}, {"pk": 16347, "model": "lookup.annotation", "fields": {"tissue_type": "", "genotype": "wildtype", "descr": "LJ75_AR002", "antibody": "", "exptype": "RNA-Seq", "comments": "(no comment)", "scientist": "Minh Thiet Vu", "celltype": "", "organism": "Arabidopsis thaliana", "preparation_type": "none"}}, {"pk": 16348, "model": "lookup.annotation", "fields": {"tissue_type": "", "genotype": "wildtype", "descr": "LJ75_AR004", "antibody": "", "exptype": "RNA-Seq", "comments": "(no comment)", "scientist": "Minh Thiet Vu", "celltype": "", "organism": "Arabidopsis thaliana", "preparation_type": "none"}}, {"pk": 16349, "model": "lookup.annotation", "fields": {"tissue_type": "", "genotype": "wildtype", "descr": "LJ75_AR007", "antibody": "", "exptype": "RNA-Seq", "comments": "(no comment)", "scientist": "Minh Thiet Vu", "celltype": "", "organism": "Arabidopsis thaliana", "preparation_type": "none"}}, {"pk": 16350, "model": "lookup.annotation", "fields": {"tissue_type": "", "genotype": "wildtype", "descr": "LJ61_AR005", "antibody": "", "exptype": "RNA-Seq", "comments": "(no comment)", "scientist": "Minh Thiet Vu", "celltype": "", "organism": "Arabidopsis thaliana", "preparation_type": "none"}}, {"pk": 16351, "model": "lookup.annotation", "fields": {"tissue_type": "", "genotype": "wildtype", "descr": "LJ61_AR006", "antibody": "", "exptype": "RNA-Seq", "comments": "(no comment)", "scientist": "Minh Thiet Vu", "celltype": "", "organism": "Arabidopsis thaliana", "preparation_type": "none"}}, {"pk": 16352, "model": "lookup.annotation", "fields": {"tissue_type": "", "genotype": "wildtype", "descr": "LJ61_AR015", "antibody": "", "exptype": "RNA-Seq", "comments": "(no comment)", "scientist": "Minh Thiet Vu", "celltype": "", "organism": "Arabidopsis thaliana", "preparation_type": "none"}}, {"pk": 16353, "model": "lookup.annotation", "fields": {"tissue_type": "", "genotype": "wildtype", "descr": "LJ64_AR002", "antibody": "", "exptype": "RNA-Seq", "comments": "(no comment)", "scientist": "Minh Thiet Vu", "celltype": "", "organism": "Arabidopsis thaliana", "preparation_type": "none"}}, {"pk": 16354, "model": "lookup.annotation", "fields": {"tissue_type": "", "genotype": "wildtype", "descr": "LJ64_AR007", "antibody": "", "exptype": "RNA-Seq", "comments": "(no comment)", "scientist": "Minh Thiet Vu", "celltype": "", "organism": "Arabidopsis thaliana", "preparation_type": "none"}}, {"pk": 16355, "model": "lookup.annotation", "fields": {"tissue_type": "", "genotype": "wildtype", "descr": "LJ64_AR019", "antibody": "", "exptype": "RNA-Seq", "comments": "(no comment)", "scientist": "Minh Thiet Vu", "celltype": "", "organism": "Arabidopsis thaliana", "preparation_type": "none"}}, {"pk": 16806, "model": "lookup.annotation", "fields": {"tissue_type": "", "genotype": "Col-0", "descr": "Day 0", "antibody": "", "exptype": "RNA-Seq", "comments": "(no comment)", "scientist": "Xin Nie", "celltype": "", "organism": "Arabidopsis thaliana", "preparation_type": "none"}}, {"pk": 16807, "model": "lookup.annotation", "fields": {"tissue_type": "", "genotype": "h3.3 kd", "descr": "Day 0", "antibody": "", "exptype": "RNA-Seq", "comments": "(no comment)", "scientist": "Xin Nie", "celltype": "", "organism": "Arabidopsis thaliana", "preparation_type": "none"}}, {"pk": 16808, "model": "lookup.annotation", "fields": {"tissue_type": "", "genotype": "hira ", "descr": "Day 0", "antibody": "", "exptype": "RNA-Seq", "comments": "(no comment)", "scientist": "Xin Nie", "celltype": "", "organism": "Arabidopsis thaliana", "preparation_type": "none"}}, {"pk": 16809, "model": "lookup.annotation", "fields": {"tissue_type": "", "genotype": "atrx 025", "descr": "Day 0", "antibody": "", "exptype": "RNA-Seq", "comments": "(no comment)", "scientist": "Xin Nie", "celltype": "", "organism": "Arabidopsis thaliana", "preparation_type": "none"}}, {"pk": 16832, "model": "lookup.annotation", "fields": {"tissue_type": "", "genotype": "atrx 072", "descr": "Day 0", "antibody": "", "exptype": "RNA-Seq", "comments": "5", "scientist": "Xin Nie", "celltype": "", "organism": "Arabidopsis thaliana", "preparation_type": "none"}}, {"pk": 16833, "model": "lookup.annotation", "fields": {"tissue_type": "", "genotype": "HIRA-GFP", "descr": "Day 0", "antibody": "", "exptype": "RNA-Seq", "comments": "6", "scientist": "Xin Nie", "celltype": "", "organism": "Arabidopsis thaliana", "preparation_type": "none"}}, {"pk": 16834, "model": "lookup.annotation", "fields": {"tissue_type": "", "genotype": "ATRX-GFP", "descr": "Day 0", "antibody": "", "exptype": "RNA-Seq", "comments": "7", "scientist": "Xin Nie", "celltype": "", "organism": "Arabidopsis thaliana", "preparation_type": "none"}}, {"pk": 16835, "model": "lookup.annotation", "fields": {"tissue_type": "", "genotype": "Col-0", "descr": "Day 5", "antibody": "", "exptype": "RNA-Seq", "comments": "8", "scientist": "Xin Nie", "celltype": "", "organism": "Arabidopsis thaliana", "preparation_type": "none"}}, {"pk": 16836, "model": "lookup.annotation", "fields": {"tissue_type": "", "genotype": "h3.3 kd", "descr": "Day 5", "antibody": "", "exptype": "RNA-Seq", "comments": "9", "scientist": "Xin Nie", "celltype": "", "organism": "Arabidopsis thaliana", "preparation_type": "none"}}, {"pk": 16837, "model": "lookup.annotation", "fields": {"tissue_type": "", "genotype": "hira", "descr": "Day 5", "antibody": "", "exptype": "RNA-Seq", "comments": "10", "scientist": "Xin Nie", "celltype": "", "organism": "Arabidopsis thaliana", "preparation_type": "none"}}, {"pk": 16838, "model": "lookup.annotation", "fields": {"tissue_type": "", "genotype": "atrx025", "descr": "Day 5", "antibody": "", "exptype": "RNA-Seq", "comments": "11", "scientist": "Xin Nie", "celltype": "", "organism": "Arabidopsis thaliana", "preparation_type": "none"}}, {"pk": 16839, "model": "lookup.annotation", "fields": {"tissue_type": "", "genotype": "atrx072", "descr": "Day 5", "antibody": "", "exptype": "RNA-Seq", "comments": "12", "scientist": "Xin Nie", "celltype": "", "organism": "Arabidopsis thaliana", "preparation_type": "none"}}, {"pk": 16840, "model": "lookup.annotation", "fields": {"tissue_type": "", "genotype": "HIRA-GFP", "descr": "Day 5", "antibody": "", "exptype": "RNA-Seq", "comments": "13", "scientist": "Xin Nie", "celltype": "", "organism": "Arabidopsis thaliana", "preparation_type": "none"}}, {"pk": 16841, "model": "lookup.annotation", "fields": {"tissue_type": "", "genotype": "ATRX-GFP", "descr": "Day 5", "antibody": "", "exptype": "RNA-Seq", "comments": "14", "scientist": "Xin Nie", "celltype": "", "organism": "Arabidopsis thaliana", "preparation_type": "none"}}, {"pk": 16842, "model": "lookup.annotation", "fields": {"tissue_type": "", "genotype": "Col-0", "descr": "Day 10", "antibody": "", "exptype": "RNA-Seq", "comments": "15", "scientist": "Xin Nie", "celltype": "", "organism": "Arabidopsis thaliana", "preparation_type": "none"}}, {"pk": 16843, "model": "lookup.annotation", "fields": {"tissue_type": "", "genotype": "h3.3 kd", "descr": "Day 10", "antibody": "", "exptype": "RNA-Seq", "comments": "16", "scientist": "Xin Nie", "celltype": "", "organism": "Arabidopsis thaliana", "preparation_type": "none"}}, {"pk": 16844, "model": "lookup.annotation", "fields": {"tissue_type": "", "genotype": "hira", "descr": "Day 10", "antibody": "", "exptype": "RNA-Seq", "comments": "17", "scientist": "Xin Nie", "celltype": "", "organism": "Arabidopsis thaliana", "preparation_type": "none"}}, {"pk": 16845, "model": "lookup.annotation", "fields": {"tissue_type": "", "genotype": "atrx025", "descr": "Day 10", "antibody": "", "exptype": "RNA-Seq", "comments": "18", "scientist": "Xin Nie", "celltype": "", "organism": "Arabidopsis thaliana", "preparation_type": "none"}}, {"pk": 16846, "model": "lookup.annotation", "fields": {"tissue_type": "", "genotype": "atrx072", "descr": "Day 10", "antibody": "", "exptype": "RNA-Seq", "comments": "19", "scientist": "Xin Nie", "celltype": "", "organism": "Arabidopsis thaliana", "preparation_type": "none"}}, {"pk": 16847, "model": "lookup.annotation", "fields": {"tissue_type": "", "genotype": "HIRA-GFP", "descr": "Day 10", "antibody": "", "exptype": "RNA-Seq", "comments": "20", "scientist": "Xin Nie", "celltype": "", "organism": "Arabidopsis thaliana", "preparation_type": "none"}}, {"pk": 16848, "model": "lookup.annotation", "fields": {"tissue_type": "", "genotype": "ATRX-GFP", "descr": "Day 10", "antibody": "", "exptype": "RNA-Seq", "comments": "21", "scientist": "Xin Nie", "celltype": "", "organism": "Arabidopsis thaliana", "preparation_type": "none"}}, {"pk": 16876, "model": "lookup.annotation", "fields": {"tissue_type": "", "genotype": "wildtype", "descr": "Col-0 Wt", "antibody": "Input", "exptype": "ChIP-Seq", "comments": "(no comment)", "scientist": "Xin Nie", "celltype": "", "organism": "Arabidopsis thaliana", "preparation_type": "none"}}, {"pk": 16877, "model": "lookup.annotation", "fields": {"tissue_type": "", "genotype": "wildtype", "descr": "Col-0 Wt", "antibody": "H3", "exptype": "ChIP-Seq", "comments": "(no comment)", "scientist": "Xin Nie", "celltype": "", "organism": "Arabidopsis thaliana", "preparation_type": "none"}}, {"pk": 16878, "model": "lookup.annotation", "fields": {"tissue_type": "", "genotype": "wildtype", "descr": "Col-0 Wt", "antibody": "H2A", "exptype": "ChIP-Seq", "comments": "(no comment)", "scientist": "Xin Nie", "celltype": "", "organism": "Arabidopsis thaliana", "preparation_type": "none"}}, {"pk": 16879, "model": "lookup.annotation", "fields": {"tissue_type": "", "genotype": "wildtype", "descr": "Col-0 Wt", "antibody": "H2A.X", "exptype": "ChIP-Seq", "comments": "(no comment)", "scientist": "Xin Nie", "celltype": "", "organism": "Arabidopsis thaliana", "preparation_type": "none"}}, {"pk": 16880, "model": "lookup.annotation", "fields": {"tissue_type": "", "genotype": "wildtype", "descr": "Col-0 Wt", "antibody": "H2A.W", "exptype": "ChIP-Seq", "comments": "(no comment)", "scientist": "Xin Nie", "celltype": "", "organism": "Arabidopsis thaliana", "preparation_type": "none"}}, {"pk": 16881, "model": "lookup.annotation", "fields": {"tissue_type": "", "genotype": "wildtype", "descr": "Col-0 Wt", "antibody": "H2A.Z", "exptype": "ChIP-Seq", "comments": "(no comment)", "scientist": "Xin Nie", "celltype": "", "organism": "Arabidopsis thaliana", "preparation_type": "none"}}, {"pk": 16882, "model": "lookup.annotation", "fields": {"tissue_type": "", "genotype": "ddm1", "descr": "ddm1", "antibody": "Input", "exptype": "ChIP-Seq", "comments": "(no comment)", "scientist": "Xin Nie", "celltype": "", "organism": "Arabidopsis thaliana", "preparation_type": "none"}}, {"pk": 16883, "model": "lookup.annotation", "fields": {"tissue_type": "", "genotype": "ddm1", "descr": "ddm1", "antibody": "H3", "exptype": "ChIP-Seq", "comments": "(no comment)", "scientist": "Xin Nie", "celltype": "", "organism": "Arabidopsis thaliana", "preparation_type": "none"}}, {"pk": 16884, "model": "lookup.annotation", "fields": {"tissue_type": "", "genotype": "ddm1", "descr": "ddm1", "antibody": "H2A", "exptype": "ChIP-Seq", "comments": "(no comment)", "scientist": "Xin Nie", "celltype": "", "organism": "Arabidopsis thaliana", "preparation_type": "none"}}, {"pk": 16885, "model": "lookup.annotation", "fields": {"tissue_type": "", "genotype": "ddm1", "descr": "ddm1", "antibody": "H2A.X", "exptype": "ChIP-Seq", "comments": "(no comment)", "scientist": "Xin Nie", "celltype": "", "organism": "Arabidopsis thaliana", "preparation_type": "none"}}, {"pk": 16886, "model": "lookup.annotation", "fields": {"tissue_type": "", "genotype": "ddm1", "descr": "ddm1", "antibody": "H2A.W", "exptype": "ChIP-Seq", "comments": "(no comment)", "scientist": "Xin Nie", "celltype": "", "organism": "Arabidopsis thaliana", "preparation_type": "none"}}, {"pk": 16887, "model": "lookup.annotation", "fields": {"tissue_type": "", "genotype": "ddm1", "descr": "ddm1", "antibody": "H2A.Z", "exptype": "ChIP-Seq", "comments": "(no comment)", "scientist": "Xin Nie", "celltype": "", "organism": "Arabidopsis thaliana", "preparation_type": "none"}}, {"pk": 16888, "model": "lookup.annotation", "fields": {"tissue_type": "", "genotype": "h2a.w", "descr": "h2a.w", "antibody": "Input", "exptype": "ChIP-Seq", "comments": "(no comment)", "scientist": "Xin Nie", "celltype": "", "organism": "Arabidopsis thaliana", "preparation_type": "none"}}, {"pk": 16889, "model": "lookup.annotation", "fields": {"tissue_type": "", "genotype": "h2a.w", "descr": "h2a.w", "antibody": "H3", "exptype": "ChIP-Seq", "comments": "(no comment)", "scientist": "Xin Nie", "celltype": "", "organism": "Arabidopsis thaliana", "preparation_type": "none"}}, {"pk": 16890, "model": "lookup.annotation", "fields": {"tissue_type": "", "genotype": "h2a.w", "descr": "h2a.w", "antibody": "H2A", "exptype": "ChIP-Seq", "comments": "(no comment)", "scientist": "Xin Nie", "celltype": "", "organism": "Arabidopsis thaliana", "preparation_type": "none"}}, {"pk": 16891, "model": "lookup.annotation", "fields": {"tissue_type": "", "genotype": "h2a.w", "descr": "h2a.w", "antibody": "H2A.X", "exptype": "ChIP-Seq", "comments": "(no comment)", "scientist": "Xin Nie", "celltype": "", "organism": "Arabidopsis thaliana", "preparation_type": "none"}}, {"pk": 16892, "model": "lookup.annotation", "fields": {"tissue_type": "", "genotype": "h2a.w", "descr": "h2a.w", "antibody": "H2A.Z", "exptype": "ChIP-Seq", "comments": "(no comment)", "scientist": "Xin Nie", "celltype": "", "organism": "Arabidopsis thaliana", "preparation_type": "none"}}, {"pk": 16893, "model": "lookup.annotation", "fields": {"tissue_type": "", "genotype": "h2a.z", "descr": "h2a.z", "antibody": "Input", "exptype": "ChIP-Seq", "comments": "(no comment)", "scientist": "Xin Nie", "celltype": "", "organism": "Arabidopsis thaliana", "preparation_type": "none"}}, {"pk": 16894, "model": "lookup.annotation", "fields": {"tissue_type": "", "genotype": "h2a.z", "descr": "h2a.z", "antibody": "H3", "exptype": "ChIP-Seq", "comments": "(no comment)", "scientist": "Xin Nie", "celltype": "", "organism": "Arabidopsis thaliana", "preparation_type": "none"}}, {"pk": 16895, "model": "lookup.annotation", "fields": {"tissue_type": "", "genotype": "h2a.z", "descr": "h2a.z", "antibody": "H2A", "exptype": "ChIP-Seq", "comments": "(no comment)", "scientist": "Xin Nie", "celltype": "", "organism": "Arabidopsis thaliana", "preparation_type": "none"}}, {"pk": 16896, "model": "lookup.annotation", "fields": {"tissue_type": "", "genotype": "h2a.z", "descr": "h2a.z", "antibody": "H2A.X", "exptype": "ChIP-Seq", "comments": "(no comment)", "scientist": "Xin Nie", "celltype": "", "organism": "Arabidopsis thaliana", "preparation_type": "none"}}, {"pk": 16897, "model": "lookup.annotation", "fields": {"tissue_type": "", "genotype": "h2a.z", "descr": "h2a.z", "antibody": "H2A.W", "exptype": "ChIP-Seq", "comments": "(no comment)", "scientist": "Xin Nie", "celltype": "", "organism": "Arabidopsis thaliana", "preparation_type": "none"}}, {"pk": 16898, "model": "lookup.annotation", "fields": {"tissue_type": "", "genotype": "suvar 4/5/6", "descr": "suvar 4/5/6", "antibody": "Input", "exptype": "ChIP-Seq", "comments": "(no comment)", "scientist": "Xin Nie", "celltype": "", "organism": "Arabidopsis thaliana", "preparation_type": "none"}}, {"pk": 16899, "model": "lookup.annotation", "fields": {"tissue_type": "", "genotype": "suvar 4/5/6", "descr": "suvar 4/5/6", "antibody": "H3", "exptype": "ChIP-Seq", "comments": "(no comment)", "scientist": "Xin Nie", "celltype": "", "organism": "Arabidopsis thaliana", "preparation_type": "none"}}, {"pk": 16900, "model": "lookup.annotation", "fields": {"tissue_type": "", "genotype": "suvar 4/5/6", "descr": "suvar 4/5/6", "antibody": "H2A", "exptype": "ChIP-Seq", "comments": "(no comment)", "scientist": "Xin Nie", "celltype": "", "organism": "Arabidopsis thaliana", "preparation_type": "none"}}, {"pk": 16901, "model": "lookup.annotation", "fields": {"tissue_type": "", "genotype": "suvar 4/5/6", "descr": "suvar 4/5/6", "antibody": "H2A.X", "exptype": "ChIP-Seq", "comments": "(no comment)", "scientist": "Xin Nie", "celltype": "", "organism": "Arabidopsis thaliana", "preparation_type": "none"}}, {"pk": 16902, "model": "lookup.annotation", "fields": {"tissue_type": "", "genotype": "suvar 4/5/6", "descr": "suvar 4/5/6", "antibody": "H2A.W", "exptype": "ChIP-Seq", "comments": "(no comment)", "scientist": "Xin Nie", "celltype": "", "organism": "Arabidopsis thaliana", "preparation_type": "none"}}, {"pk": 16903, "model": "lookup.annotation", "fields": {"tissue_type": "", "genotype": "suvar 4/5/6", "descr": "suvar 4/5/6", "antibody": "H2A.Z", "exptype": "ChIP-Seq", "comments": "(no comment)", "scientist": "Xin Nie", "celltype": "", "organism": "Arabidopsis thaliana", "preparation_type": "none"}}, {"pk": 16904, "model": "lookup.annotation", "fields": {"tissue_type": "", "genotype": "h1.1 h1.2", "descr": "h1.1 h1.2", "antibody": "Input", "exptype": "ChIP-Seq", "comments": "(no comment)", "scientist": "Xin Nie", "celltype": "", "organism": "Arabidopsis thaliana", "preparation_type": "none"}}, {"pk": 16905, "model": "lookup.annotation", "fields": {"tissue_type": "", "genotype": "h1.1 h1.2", "descr": "h1.1 h1.2", "antibody": "H3", "exptype": "ChIP-Seq", "comments": "(no comment)", "scientist": "Xin Nie", "celltype": "", "organism": "Arabidopsis thaliana", "preparation_type": "none"}}, {"pk": 16906, "model": "lookup.annotation", "fields": {"tissue_type": "", "genotype": "h1.1 h1.2", "descr": "h1.1 h1.2", "antibody": "H2A", "exptype": "ChIP-Seq", "comments": "(no comment)", "scientist": "Xin Nie", "celltype": "", "organism": "Arabidopsis thaliana", "preparation_type": "none"}}, {"pk": 16907, "model": "lookup.annotation", "fields": {"tissue_type": "", "genotype": "h1.1 h1.2", "descr": "h1.1 h1.2", "antibody": "H2A.X", "exptype": "ChIP-Seq", "comments": "(no comment)", "scientist": "Xin Nie", "celltype": "", "organism": "Arabidopsis thaliana", "preparation_type": "none"}}, {"pk": 16908, "model": "lookup.annotation", "fields": {"tissue_type": "", "genotype": "h1.1 h1.2", "descr": "h1.1 h1.2", "antibody": "H2A.W", "exptype": "ChIP-Seq", "comments": "(no comment)", "scientist": "Xin Nie", "celltype": "", "organism": "Arabidopsis thaliana", "preparation_type": "none"}}, {"pk": 16909, "model": "lookup.annotation", "fields": {"tissue_type": "", "genotype": "h1.1 h1.2", "descr": "h1.1 h1.2", "antibody": "H2A.Z", "exptype": "ChIP-Seq", "comments": "(no comment)", "scientist": "Xin Nie", "celltype": "", "organism": "Arabidopsis thaliana", "preparation_type": "none"}}, {"pk": 16910, "model": "lookup.annotation", "fields": {"tissue_type": "", "genotype": "met1", "descr": "met1", "antibody": "Input", "exptype": "ChIP-Seq", "comments": "(no comment)", "scientist": "Xin Nie", "celltype": "", "organism": "Arabidopsis thaliana", "preparation_type": "none"}}, {"pk": 16911, "model": "lookup.annotation", "fields": {"tissue_type": "", "genotype": "met1", "descr": "met1", "antibody": "H3", "exptype": "ChIP-Seq", "comments": "(no comment)", "scientist": "Xin Nie", "celltype": "", "organism": "Arabidopsis thaliana", "preparation_type": "none"}}, {"pk": 16912, "model": "lookup.annotation", "fields": {"tissue_type": "", "genotype": "met1", "descr": "met1", "antibody": "H2A", "exptype": "ChIP-Seq", "comments": "(no comment)", "scientist": "Xin Nie", "celltype": "", "organism": "Arabidopsis thaliana", "preparation_type": "none"}}, {"pk": 16913, "model": "lookup.annotation", "fields": {"tissue_type": "", "genotype": "met1", "descr": "met1", "antibody": "H2A.X", "exptype": "ChIP-Seq", "comments": "(no comment)", "scientist": "Xin Nie", "celltype": "", "organism": "Arabidopsis thaliana", "preparation_type": "none"}}, {"pk": 16914, "model": "lookup.annotation", "fields": {"tissue_type": "", "genotype": "met1", "descr": "met1", "antibody": "H2A.W", "exptype": "ChIP-Seq", "comments": "(no comment)", "scientist": "Xin Nie", "celltype": "", "organism": "Arabidopsis thaliana", "preparation_type": "none"}}, {"pk": 16915, "model": "lookup.annotation", "fields": {"tissue_type": "", "genotype": "met1", "descr": "met1", "antibody": "H2A.Z", "exptype": "ChIP-Seq", "comments": "(no comment)", "scientist": "Xin Nie", "celltype": "", "organism": "Arabidopsis thaliana", "preparation_type": "none"}}, {"pk": 16916, "model": "lookup.annotation", "fields": {"tissue_type": "", "genotype": "FIE cosup", "descr": "FIE cosup", "antibody": "Input", "exptype": "ChIP-Seq", "comments": "(no comment)", "scientist": "Xin Nie", "celltype": "", "organism": "Arabidopsis thaliana", "preparation_type": "none"}}, {"pk": 16917, "model": "lookup.annotation", "fields": {"tissue_type": "", "genotype": "FIE cosup", "descr": "FIE cosup", "antibody": "H3", "exptype": "ChIP-Seq", "comments": "(no comment)", "scientist": "Xin Nie", "celltype": "", "organism": "Arabidopsis thaliana", "preparation_type": "none"}}, {"pk": 16918, "model": "lookup.annotation", "fields": {"tissue_type": "", "genotype": "FIE cosup", "descr": "FIE cosup", "antibody": "H2A", "exptype": "ChIP-Seq", "comments": "(no comment)", "scientist": "Xin Nie", "celltype": "", "organism": "Arabidopsis thaliana", "preparation_type": "none"}}, {"pk": 16919, "model": "lookup.annotation", "fields": {"tissue_type": "", "genotype": "FIE cosup", "descr": "FIE cosup", "antibody": "H2A.X", "exptype": "ChIP-Seq", "comments": "(no comment)", "scientist": "Xin Nie", "celltype": "", "organism": "Arabidopsis thaliana", "preparation_type": "none"}}, {"pk": 16920, "model": "lookup.annotation", "fields": {"tissue_type": "", "genotype": "FIE cosup", "descr": "FIE cosup", "antibody": "H2A.W", "exptype": "ChIP-Seq", "comments": "(no comment)", "scientist": "Xin Nie", "celltype": "", "organism": "Arabidopsis thaliana", "preparation_type": "none"}}, {"pk": 16921, "model": "lookup.annotation", "fields": {"tissue_type": "", "genotype": "FIE cosup", "descr": "FIE cosup", "antibody": "H2A.Z", "exptype": "ChIP-Seq", "comments": "(no comment)", "scientist": "Xin Nie", "celltype": "", "organism": "Arabidopsis thaliana", "preparation_type": "none"}}, {"pk": 16922, "model": "lookup.annotation", "fields": {"tissue_type": "", "genotype": "sdg2", "descr": "sdg2", "antibody": "Input", "exptype": "ChIP-Seq", "comments": "(no comment)", "scientist": "Xin Nie", "celltype": "", "organism": "Arabidopsis thaliana", "preparation_type": "none"}}, {"pk": 16923, "model": "lookup.annotation", "fields": {"tissue_type": "", "genotype": "sdg2", "descr": "sdg2", "antibody": "H3", "exptype": "ChIP-Seq", "comments": "(no comment)", "scientist": "Xin Nie", "celltype": "", "organism": "Arabidopsis thaliana", "preparation_type": "none"}}, {"pk": 16924, "model": "lookup.annotation", "fields": {"tissue_type": "", "genotype": "sdg2", "descr": "sdg2", "antibody": "H2A", "exptype": "ChIP-Seq", "comments": "(no comment)", "scientist": "Xin Nie", "celltype": "", "organism": "Arabidopsis thaliana", "preparation_type": "none"}}, {"pk": 16925, "model": "lookup.annotation", "fields": {"tissue_type": "", "genotype": "sdg2", "descr": "sdg2", "antibody": "H2A.X", "exptype": "ChIP-Seq", "comments": "(no comment)", "scientist": "Xin Nie", "celltype": "", "organism": "Arabidopsis thaliana", "preparation_type": "none"}}, {"pk": 16926, "model": "lookup.annotation", "fields": {"tissue_type": "", "genotype": "sdg2", "descr": "sdg2", "antibody": "H2A.W", "exptype": "ChIP-Seq", "comments": "(no comment)", "scientist": "Xin Nie", "celltype": "", "organism": "Arabidopsis thaliana", "preparation_type": "none"}}, {"pk": 16927, "model": "lookup.annotation", "fields": {"tissue_type": "", "genotype": "sdg2", "descr": "sdg2", "antibody": "H2A.Z", "exptype": "ChIP-Seq", "comments": "(no comment)", "scientist": "Xin Nie", "celltype": "", "organism": "Arabidopsis thaliana", "preparation_type": "none"}}, {"pk": 16928, "model": "lookup.annotation", "fields": {"tissue_type": "", "genotype": "sdg8", "descr": "sdg8", "antibody": "Input", "exptype": "ChIP-Seq", "comments": "(no comment)", "scientist": "Xin Nie", "celltype": "", "organism": "Arabidopsis thaliana", "preparation_type": "none"}}, {"pk": 16929, "model": "lookup.annotation", "fields": {"tissue_type": "", "genotype": "sdg8", "descr": "sdg8", "antibody": "H3", "exptype": "ChIP-Seq", "comments": "(no comment)", "scientist": "Xin Nie", "celltype": "", "organism": "Arabidopsis thaliana", "preparation_type": "none"}}, {"pk": 16930, "model": "lookup.annotation", "fields": {"tissue_type": "", "genotype": "sdg8", "descr": "sdg8", "antibody": "H2A", "exptype": "ChIP-Seq", "comments": "(no comment)", "scientist": "Xin Nie", "celltype": "", "organism": "Arabidopsis thaliana", "preparation_type": "none"}}, {"pk": 16931, "model": "lookup.annotation", "fields": {"tissue_type": "", "genotype": "sdg8", "descr": "sdg8", "antibody": "H2A.X", "exptype": "ChIP-Seq", "comments": "(no comment)", "scientist": "Xin Nie", "celltype": "", "organism": "Arabidopsis thaliana", "preparation_type": "none"}}, {"pk": 16932, "model": "lookup.annotation", "fields": {"tissue_type": "", "genotype": "sdg8", "descr": "sdg8", "antibody": "H2A.W", "exptype": "ChIP-Seq", "comments": "(no comment)", "scientist": "Xin Nie", "celltype": "", "organism": "Arabidopsis thaliana", "preparation_type": "none"}}, {"pk": 16933, "model": "lookup.annotation", "fields": {"tissue_type": "", "genotype": "sdg8", "descr": "sdg8", "antibody": "H2A.Z", "exptype": "ChIP-Seq", "comments": "(no comment)", "scientist": "Xin Nie", "celltype": "", "organism": "Arabidopsis thaliana", "preparation_type": "none"}}, {"pk": 16934, "model": "lookup.annotation", "fields": {"tissue_type": "", "genotype": "HON2-GFP", "descr": "HON2-GFP", "antibody": "Input", "exptype": "ChIP-Seq", "comments": "(no comment)", "scientist": "Xin Nie", "celltype": "", "organism": "Arabidopsis thaliana", "preparation_type": "none"}}, {"pk": 16935, "model": "lookup.annotation", "fields": {"tissue_type": "", "genotype": "HON2-GFP", "descr": "HON2-GFP", "antibody": "H3", "exptype": "ChIP-Seq", "comments": "(no comment)", "scientist": "Xin Nie", "celltype": "", "organism": "Arabidopsis thaliana", "preparation_type": "none"}}, {"pk": 16936, "model": "lookup.annotation", "fields": {"tissue_type": "", "genotype": "HON2-GFP", "descr": "HON2-GFP", "antibody": "GFP", "exptype": "ChIP-Seq", "comments": "(no comment)", "scientist": "Xin Nie", "celltype": "", "organism": "Arabidopsis thaliana", "preparation_type": "none"}}, {"pk": 16937, "model": "lookup.annotation", "fields": {"tissue_type": "", "genotype": "hira", "descr": "hira", "antibody": "Input", "exptype": "ChIP-Seq", "comments": "(no comment)", "scientist": "Xin Nie", "celltype": "", "organism": "Arabidopsis thaliana", "preparation_type": "none"}}, {"pk": 16938, "model": "lookup.annotation", "fields": {"tissue_type": "", "genotype": "hira", "descr": "hira", "antibody": "H3", "exptype": "ChIP-Seq", "comments": "(no comment)", "scientist": "Xin Nie", "celltype": "", "organism": "Arabidopsis thaliana", "preparation_type": "none"}}, {"pk": 16939, "model": "lookup.annotation", "fields": {"tissue_type": "", "genotype": "hira", "descr": "hira", "antibody": "H3K27me3", "exptype": "ChIP-Seq", "comments": "(no comment)", "scientist": "Xin Nie", "celltype": "", "organism": "Arabidopsis thaliana", "preparation_type": "none"}}, {"pk": 16940, "model": "lookup.annotation", "fields": {"tissue_type": "", "genotype": "hira", "descr": "hira", "antibody": "H3K4me3", "exptype": "ChIP-Seq", "comments": "(no comment)", "scientist": "Xin Nie", "celltype": "", "organism": "Arabidopsis thaliana", "preparation_type": "none"}}, {"pk": 17024, "model": "lookup.annotation", "fields": {"tissue_type": "", "genotype": "HIRA-GFP;hira", "descr": "HIRA-GFP ChIP", "antibody": "Input", "exptype": "ChIP-Seq", "comments": "(no comment)", "scientist": "Xin Nie", "celltype": "", "organism": "Arabidopsis thaliana", "preparation_type": "none"}}, {"pk": 17025, "model": "lookup.annotation", "fields": {"tissue_type": "", "genotype": "HIRA-GFP;hira", "descr": "HIRA-GFP ChIP", "antibody": "GFP", "exptype": "ChIP-Seq", "comments": "(no comment)", "scientist": "Xin Nie", "celltype": "", "organism": "Arabidopsis thaliana", "preparation_type": "none"}}, {"pk": 17026, "model": "lookup.annotation", "fields": {"tissue_type": "", "genotype": "HIRA-GFP;hira", "descr": "HIRA-GFP ChIP", "antibody": "H3", "exptype": "ChIP-Seq", "comments": "(no comment)", "scientist": "Xin Nie", "celltype": "", "organism": "Arabidopsis thaliana", "preparation_type": "none"}}, {"pk": "HTB2_HTB3", "model": "lookup.project", "fields": {"primary_scientist": "Danhua Jiang", "samples": [15351, 15352, 15353, 15354, 15355, 15356, 15357, 15358, 15359, 15360, 15361]}}, {"pk": "GeneJET Plasmid Miniprep", "model": "lookup.kit", "fields": {"comment": "We get this from in-house store", "kittype": "DNA", "opened": "2015-01-01T00:00:00", "company": "Thermo Scientific", "subtype": "Plasmid", "location": "Kit Shelf next to Danhua's bench", "active": true, "stock": false}}, {"pk": "QIAquick PCR Purification Kit", "model": "lookup.kit", "fields": {"comment": "Once used up, we will use in-house Thermo Scientific kiit", "kittype": "DNA", "opened": "2015-01-01T00:00:00", "company": "QIAGEN", "subtype": "PCR", "location": "Kit Shelf next to Danhua's bench", "active": true, "stock": false}}, {"pk": "DNA Clean & Concentrator-5", "model": "lookup.kit", "fields": {"comment": "", "kittype": "DNA", "opened": "2015-01-01T00:00:00", "company": "Zymo Research", "subtype": "PCR", "location": "Kit Shelf next to Danhua's bench", "active": true, "stock": false}}, {"pk": "RNeasy Plus Mini Kit", "model": "lookup.kit", "fields": {"comment": "The stock is also opened already.", "kittype": "RNA", "opened": "2015-01-01T00:00:00", "company": "QIAGEN", "subtype": "Rpu", "location": "Kit Shelf next to Danhua's bench", "active": true, "stock": true}}, {"pk": "QIAquick Gel Extraction Kit", "model": "lookup.kit", "fields": {"comment": "Once used up, we will use in-house Thermo Scientific kiit", "kittype": "DNA", "opened": "2015-01-01T00:00:00", "company": "QIAGEN", "subtype": "Gel", "location": "Kit Shelf next to Danhua's bench", "active": true, "stock": false}}, {"pk": "Arcturus PicoPure RNA Isolation kit", "model": "lookup.kit", "fields": {"comment": "", "kittype": "RNA", "opened": "2014-07-08T00:00:00", "company": "Applied Biosystemns", "subtype": "Rpu", "location": "Kit Shelf next to Mike's bench", "active": true, "stock": true}}, {"pk": "SuperScript II RTase", "model": "lookup.kit", "fields": {"comment": "For Smart-seq2", "kittype": "DeepSeq", "opened": "2015-01-01T00:00:00", "company": "Invitrogen", "subtype": "RTPCR", "location": "-20oC #4 Drawer", "active": true, "stock": false}}, {"pk": "KAPA HiFi HotStart Ready Mix", "model": "lookup.kit", "fields": {"comment": "For Smart-seq2", "kittype": "DeepSeq", "opened": "2015-01-01T00:00:00", "company": "KAPA Biosystems", "subtype": "pol", "location": "-20oC #1 Drawer", "active": true, "stock": false}}, {"pk": "Nextra DNA Sample Preparation kit", "model": "lookup.kit", "fields": {"comment": "For Smart-seq2", "kittype": "DeepSeq", "opened": "2015-01-01T00:00:00", "company": "Illumina", "subtype": "Rsq", "location": "-20oC #1 Drawer", "active": true, "stock": false}}, {"pk": "Nextra Index kit 24 indexes", "model": "lookup.kit", "fields": {"comment": "For Smart-seq2", "kittype": "DeepSeq", "opened": "2015-01-01T00:00:00", "company": "Illumina", "subtype": "Rsq", "location": "-20oC #1 Drawer", "active": true, "stock": false}}, {"pk": 1, "model": "lookup.protocol", "fields": {"doc": "static/protocol/GeneJET Plasmid Miniprep.pdf", "name": "GeneJET Plasmid Miniprep", "kit": "GeneJET Plasmid Miniprep"}}, {"pk": 2, "model": "lookup.protocol", "fields": {"doc": "static/protocol/DNA Clean & Concentrator-5.pdf", "name": "DNA Clean & Concentrator-5", "kit": "DNA Clean & Concentrator-5"}}, {"pk": 3, "model": "lookup.protocol", "fields": {"doc": "static/protocol/RNeasy Plus Mini Kit.pdf", "name": "RNeasy Plus Mini Kit", "kit": "RNeasy Plus Mini Kit"}}, {"pk": 4, "model": "lookup.protocol", "fields": {"doc": "static/protocol/Arcturus PicoPure RNA Isolation kit.pdf", "name": "Arcturus PicoPure RNA Isolation kit", "kit": "Arcturus PicoPure RNA Isolation kit"}}, {"pk": 5, "model": "lookup.protocol", "fields": {"doc": "static/protocol/SuperScript II RTase.pdf", "name": "SuperScript II RTase", "kit": "SuperScript II RTase"}}, {"pk": 6, "model": "lookup.protocol", "fields": {"doc": "static/protocol/KAPA HiFi HotStart Ready Mix.pdf", "name": "KAPA HiFi HotStart Ready Mix", "kit": "KAPA HiFi HotStart Ready Mix"}}, {"pk": 7, "model": "lookup.protocol", "fields": {"doc": "static/protocol/Nextra DNA Sample Preparation kit.pdf", "name": "Nextra DNA Sample Preparation kit", "kit": "Nextra DNA Sample Preparation kit"}}, {"pk": 8, "model": "lookup.protocol", "fields": {"doc": "static/protocol/Nextra Index kit 24 indexes.pdf", "name": "Nextra Index kit 24 indexes", "kit": "Nextra Index kit 24 indexes"}}]